,RMSE,R_2
0,15.056213833144598,0.42508029690397964
